name,location,type,resort,visited,ratingHeather,ratingMatt
Amatista Cookhouse,Loews Sapphire Falls Resort,Table Service,Universal,FALSE,,
Antojitos Authentic Mexican Food,Universal CityWalk,Table Service,Universal,FALSE,,
Bayliner Diner,Universal's Cabana Bay Beach Resort,Quick Service,Universal,FALSE,,
Beach Break Cafe,Universal's Endless Summer Resort - Surfside Inn and Suites,Quick Service,Universal,FALSE,,
Bend the Bao,Universal CityWalk,Quick Service,Universal,FALSE,,
Bice Ristorante,Loews Portofino Bay Hotel,Table Service,Universal,FALSE,,
Bigfire,Universal CityWalk,Table Service,Universal,FALSE,,
Blondie's,Universal Islands of Adventure,Quick Service,Universal,FALSE,,
Bob Marley-A Tribute to Freedom,Universal CityWalk,Table Service,Universal,FALSE,,
Bread Box Handcrafted Sandwiches,Universal CityWalk,Quick Service,Universal,FALSE,,
Bubba Gump Shrimp Co.™ Restaurant & Market,Universal CityWalk,Table Service,Universal,TRUE,,
Bula Bar & Grille,Loews Royal Pacific Resort,Quick Service,Universal,FALSE,,
Bumblebee Man's Taco Truck,Universal Studios Florida,Quick Service,Universal,FALSE,,
Cafe 4™,Universal Islands of Adventure,Quick Service,Universal,FALSE,,
Cafe La Bamba,Universal Studios Florida,Table Service,Universal,FALSE,,
Captain America Diner®,Universal Islands of Adventure,Quick Service,Universal,TRUE,,
Circus McGurkus Cafe Stoo-pendous™,Universal Islands of Adventure,Quick Service,Universal,FALSE,,
Cletus' Chicken Shack,Universal Studios Florida,Quick Service,Universal,FALSE,,
Comic Strip Cafe,Universal Islands of Adventure,Quick Service,Universal,FALSE,,
Confisco Grille,Universal Islands of Adventure,Table Service,Universal,FALSE,,
Doc Sugrue's Desert Kebab House,Universal Islands of Adventure,Quick Service,Universal,FALSE,,
Drhum Club Kantine,Loews Sapphire Falls Resort,Quick Service,Universal,FALSE,,
Finnegan's Bar & Grill,Universal Studios Florida,Table Service,Universal,TRUE,,
Fire Eater's Grill,Universal Islands of Adventure,Quick Service,Universal,FALSE,,
Galaxy Bowl Restaurant,Universal's Cabana Bay Beach Resort,Table Service,Universal,FALSE,,
Green Eggs and Ham™ Cafe,Universal Islands of Adventure,Quick Service,Universal,FALSE,,
Hard Rock Cafe® Orlando,Universal CityWalk,Table Service,Universal,FALSE,,
Hot Dog Hall of Fame®,Universal CityWalk,Quick Service,Universal,TRUE,,
Illumination's Minion Cafe,Universal Studios Florida,Table Service,Universal,FALSE,,
Islands Dining Room,Loews Royal Pacific Resort,Table Service,Universal,TRUE,,
Jake's American Bar,Loews Royal Pacific Resort,Table Service,Universal,FALSE,,
Jimmy Buffett's® Margaritaville®,Universal CityWalk,Table Service,Universal,FALSE,,
KidZone Pizza Company,Universal Studios Florida,Quick Service,Universal,FALSE,,
Kohola Reef Restaurant & Social Club,Universal's Volcano Bay,Quick Service,Universal,FALSE,,
Krusty Burger,Universal Studios Florida,Quick Service,Universal,TRUE,,
Leaky Cauldron™,Universal Studios Florida,Table Service,Universal,TRUE,,
Lombard's Seafood Grille,Universal Studios Florida,Table Service,Universal,FALSE,,
Louie's Italian Restaurant,Universal Studios Florida,Quick Service,Universal,FALSE,,
Luigi's Pizza,Universal Studios Florida,Quick Service,Universal,FALSE,,
Mama Della's Ristorante,Loews Portofino Bay Hotel,Table Service,Universal,FALSE,,
Mel's Drive-In,Universal Studios Florida,Quick Service,Universal,TRUE,,
Mythos Restaurant,Universal Islands of Adventure,Table Service,Universal,TRUE,,
NBC Sports Grill & Brew™,Universal CityWalk,Table Service,Universal,FALSE,,
Orchid Court Lounge & Sushi Bar,Loews Royal Pacific Resort,Table Service,Universal,FALSE,,
Pat O'Brien's®,Universal CityWalk,Table Service,Universal,FALSE,,
Pier 8 Market,Universal's Endless Summer Resort - Dockside Inn and Suites,Quick Service,Universal,FALSE,,
Pizza Predattoria,Universal Islands of Adventure,Quick Service,Universal,FALSE,,
Red Oven Pizza Bakery,Universal CityWalk,Quick Service,Universal,FALSE,,
Richter's Burger Co.,Universal Studios Florida,Quick Service,Universal,FALSE,,
Sal's Market Deli,Loews Portofino Bay Hotel,Quick Service,Universal,FALSE,,
Splendido Bar & Grill™,Loews Portofino Bay Hotel,Quick Service,Universal,FALSE,,
The Burger Digs,Universal Islands of Adventure,Quick Service,Universal,TRUE,,
The Cowfish® Sushi Burger Bar,Universal CityWalk,Table Service,Universal,TRUE,,
The Feasting Frog,Universal's Volcano Bay,Quick Service,Universal,FALSE,,
The Frying Dutchman,Universal Studios Florida,Quick Service,Universal,FALSE,,
The Hideaway Bar & Grill,Universal's Cabana Bay Beach Resort,Table Service,Universal,FALSE,,
The Kitchen,Hard Rock Hotel® Orlando,Table Service,Universal,FALSE,,
The Palm,Hard Rock Hotel® Orlando,Table Service,Universal,TRUE,,
The Toothsome Chocolate Emporium and Savory Feast Kitchen,Universal CityWalk,Table Service,Universal,FALSE,,
Three Broomsticks™,Universal Islands of Adventure,Quick Service,Universal,FALSE,,
Thunder Falls Terrace,Universal Islands of Adventure,Quick Service,Universal,FALSE,,
TODAY Cafe,Universal Studios Florida,Quick Service,Universal,FALSE,,
Trattoria del Porto,Loews Portofino Bay Hotel,Table Service,Universal,FALSE,,
VIVO Italian Kitchen,Universal CityWalk,Table Service,Universal,FALSE,,
Whakawaiwai Eats,Universal's Volcano Bay,Quick Service,Universal,FALSE,,
Wimpy's,Universal Islands of Adventure,Quick Service,Universal,FALSE,,
Wine Riffs,Hard Rock Hotel® Orlando,Table Service,Universal,FALSE,,
Atlantic,Universal Epic Universe,Table Service,Universal,FALSE,,
The Burning Blade Tavern,Universal Epic Universe,Quick Service,Universal,TRUE,,
Café L'air De La Sirene,Universal Epic Universe,Quick Service,Universal,FALSE,,
Comet Dogs,Universal Epic Universe,Quick Service,Universal,FALSE,,
Das Steakhaus,Universal Epic Universe,Quick Service,Universal,TRUE,,
Hooligan's Grog and Greul,Universal Epic Universe,Quick Service,Universal,FALSE,,
Le Gobelet Noir,Universal Epic Universe,Quick Service,Universal,FALSE,,
Mead Hall,Universal Epic Universe,Quick Service,Universal,FALSE,,
Meteor Astropub,Universal Epic Universe,Quick Service,Universal,FALSE,,
Pizza Moon,Universal Epic Universe,Quick Service,Universal,TRUE,,
Spit Fyre Grill,Universal Epic Universe,Quick Service,Universal,FALSE,,
Star Sui Bao,Universal Epic Universe,Quick Service,Universal,FALSE,,
The Blue Dragon Pan-Asian Restaurant,Universal Epic Universe,Table Service,Universal,FALSE,,
The Oak & Star Tavern,Universal Epic Universe,Quick Service,Universal,FALSE,,
Toadstool Café,Universal Epic Universe,Quick Service,Universal,TRUE,,
Flora Taverna,Universal Helios Grand Hotel,Table Service,Universal,FALSE,,
Omega Café and Market,Universal Terra Luna Resort,Quick Service,Universal,FALSE,,
1900 Park Fare,Disney's Grand Floridian Resort & Spa,Character Dining,WDW,FALSE,0,0
4 Rivers Cantina Barbacoa Food Truck,Disney Springs,Quick Service,WDW,FALSE,0,0
50's Prime Time Café,Disney's Hollywood Studios,Table Service,WDW,TRUE,4.5,3.5
ABC Commissary,Disney's Hollywood Studios,Quick Service,WDW,TRUE,2.5,1
Akershus Royal Banquet Hall,EPCOT,Character Dining,WDW,FALSE,0,0
Ale & Compass Restaurant,Disney's Yacht Club Resort,Table Service,WDW,FALSE,0,0
Amare,Walt Disney World Swan Reserve,Table Service,WDW,FALSE,0,0
B.B. Wolf's Sausage Co.,Disney Springs,Quick Service,WDW,FALSE,0,0
Backlot Express,Disney's Hollywood Studios,Quick Service,WDW,TRUE,2.5,3
Banana Cabana,Disney's Caribbean Beach Resort,Table Service,WDW,FALSE,0,0
Be Our Guest Restaurant,Magic Kingdom Park,Table Service,WDW,TRUE,4.5,4
Beach Club Marketplace,Disney's Beach Club Resort,Quick Service,WDW,FALSE,0,0
Beaches & Cream Soda Shop,Disney's Beach Club Resort,Table Service,WDW,FALSE,0,0
Biergarten Restaurant,EPCOT,Table Service,WDW,TRUE,5,5
Blaze Fast-Fire'd Pizza,Disney Springs,Quick Service,WDW,TRUE,1,1
BoardWalk Deli,Disney's BoardWalk,Quick Service,WDW,FALSE,0,0
Boatwright's Dining Hall,Disney's Port Orleans Resort - Riverside,Table Service,WDW,FALSE,0,0
Boma - Flavors of Africa,Disney's Animal Kingdom Lodge,Table Service,WDW,TRUE,5,5
California Grill,Disney's Contemporary Resort,Table Service,WDW,FALSE,0,0
Capa,Four Season Resort Orlando,Table Service,WDW,FALSE,0,0
Cape May Cafe,Disney's Beach Club Resort,Table Service,WDW,FALSE,0,0
Capt. Cook's,Disney's Polynesian Village Resort,Quick Service,WDW,FALSE,0,0
Casey's Corner,Magic Kingdom Park,Quick Service,WDW,FALSE,0,0
Catalina Eddie's,Disney's Hollywood Studios,Quick Service,WDW,FALSE,0,0
Centertown Market,Disney's Caribbean Beach Resort,Quick Service,WDW,FALSE,0,0
Chef Art Smith's Homecomin',Disney Springs,Table Service,WDW,FALSE,0,0
Chef Mickey's,Disney's Contemporary Resort,Table Service,WDW,TRUE,2,2.5
Chefs de France,EPCOT,Table Service,WDW,TRUE,4.5,3.5
Chicken Guy!,Disney Springs,Table Service,WDW,TRUE,3,2.5
Chip 'n' Dale's Deli,Disney's Saratoga Springs Resort & Spa or Disney's Polynesian Village Resort,Quick Service,WDW,FALSE,0,0
Cinderella's Royal Table,Magic Kingdom Park,Table Service,WDW,FALSE,0,0
Cítricos,Disney's Grand Floridian Resort & Spa,Table Service,WDW,FALSE,0,0
City Works Eatery & Pour House,Disney Springs,Table Service,WDW,FALSE,0,0
Columbia Harbour House,Magic Kingdom Park,Quick Service,WDW,TRUE,5,4
Connections Eatery,EPCOT,Quick Service,WDW,FALSE,0,0
Contempo Café,Disney's Contemporary Resort,Quick Service,WDW,FALSE,0,0
Cookes of Dublin,Disney Springs,Quick Service,WDW,FALSE,0,0
Coral Reef Restaurant,EPCOT,Table Service,WDW,FALSE,0,0
Cosmic Ray's Starlight Café,Magic Kingdom Park,Quick Service,WDW,TRUE,3.5,4
D-Luxe Burger,Disney Springs,Quick Service,WDW,TRUE,1,1
Docking Bay 7 Food and Cargo,Disney's Hollywood Studios,Quick Service,WDW,TRUE,1.5,2.5
Dockside Diner,Disney's Hollywood Studios,Quick Service,WDW,FALSE,0,0
Earl of Sandwich®,Disney Springs,Quick Service,WDW,FALSE,0,0
eet by Maneet Chauhan,Disney Springs,Quick Service,WDW,FALSE,0,0
El Mercado de Coronado,Disney's Coronado Springs Resort,Quick Service,WDW,FALSE,0,0
End Zone Food Court,Disney's All-Star Sports Resort,Quick Service,WDW,FALSE,0,0
Enzo's Hideaway,Disney Springs,Table Service,WDW,FALSE,0,0
ESPN Wide World of Sports Grill,ESPN Wide World of Sports Complex,Quick Service,WDW,FALSE,0,0
Everything POP Shopping & Dining,Disney's Pop Century Resort,Quick Service,WDW,FALSE,0,0
Fairfax Fare,Disney's Hollywood Studios,Quick Service,WDW,FALSE,0,0
Flame Tree Barbecue,Disney's Animal Kingdom Theme Park,Quick Service,WDW,TRUE,4,3
Flying Fish,Disney's BoardWalk,Table Service,WDW,FALSE,0,0
Frontera Cocina,Disney Springs,Table Service,WDW,FALSE,0,0
Garden Grill Restaurant,EPCOT,Table Service,WDW,FALSE,0,0
Garden Grove,Walt Disney World Swan Hotel,Table Service,WDW,FALSE,0,0
Gasparilla Island Grill,Disney's Grand Floridian Resort & Spa,Quick Service,WDW,FALSE,0,0
Geyser Point Bar & Grill,Disney's Wilderness Lodge,Table Service,WDW,FALSE,0,0
Grand Floridian Cafe,Disney's Grand Floridian Resort & Spa,Table Service,WDW,FALSE,0,0
Harambe Market,Disney's Animal Kingdom Theme Park,Quick Service,WDW,FALSE,0,0
Hollywood & Vine,Disney's Hollywood Studios,Table Service,WDW,FALSE,0,0
Hoop-Dee-Doo Musical Revue,The Campsites at Disney's Fort Wilderness Resort,Table Service,WDW,TRUE,5,4
House of Blues Restaurant & Bar,Disney Springs,Table Service,WDW,FALSE,0,0
Il Mulino,Walt Disney World Swan ,Table Service,WDW,FALSE,0,0
Intermission Food Court,Disney's All-Star Music Resort,Quick Service,WDW,FALSE,0,0
Jaleo by José Andrés,Disney Springs,Table Service,WDW,FALSE,0,0
Jiko - The Cooking Place,Disney's Animal Kingdom Lodge,Table Service,WDW,TRUE,5,5
Jungle Navigation Co. LTD Skipper Canteen,Magic Kingdom Park,Table Service,WDW,TRUE,3,3.5
Kabuki Cafe,EPCOT,Quick Service,WDW,FALSE,0,0
Katsura Grill,EPCOT,Quick Service,WDW,FALSE,0,0
Kimonos,Walt Disney World Swan Hotel,Table Service,WDW,FALSE,0,0
Kona Cafe,Disney's Polynesian Village Resort,Table Service,WDW,TRUE,0,0
La Cantina de San Angel,EPCOT,Quick Service,WDW,FALSE,0,0
La Crêperie de Paris,EPCOT,Table Service,WDW,FALSE,0,0
La Hacienda de San Angel,EPCOT,Table Service,WDW,FALSE,0,0
Landscape of Flavors,Disney's Art of Animation Resort,Quick Service,WDW,FALSE,0,0
Le Cellier Steakhouse,EPCOT,Table Service,WDW,FALSE,0,0
Leaning Palms,Disney's Typhoon Lagoon Water Par,Quick Service,WDW,FALSE,0,0
Les Halles Boulangerie-Patisserie,EPCOT,Quick Service,WDW,TRUE,4,3.5
Liberty Tree Tavern,Magic Kingdom Park,Table Service,WDW,TRUE,5,5
Lottawatta Lodge,Disney's Blizzard Beach Water Park,Quick Service,WDW,FALSE,0,0
Lotus Blossum Café,EPCOT,Quick Service,WDW,FALSE,0,0
Mama Melrose's Ristorante Italiano,Disney's Hollywood Studios,Table Service,WDW,TRUE,3,2
Maria & Enzo's Ristorante,Disney Springs,Table Service,WDW,FALSE,0,0
Maya Grill,Disney's Coronado Springs Resort,Table Service,WDW,FALSE,0,0
Monsieur Paul,EPCOT,Table Service,WDW,FALSE,0,0
Morimoto Asia,Disney Springs,Table Service,WDW,TRUE,5,5
Narcoossee's,Disney's Grand Floridian Resort & Spa,Table Service,WDW,FALSE,0,0
Nine Dragons Restaurant,EPCOT,Table Service,WDW,TRUE,1,1
Ohana,Disney's Polynesian Village Resort,Table Service,WDW,FALSE,0,0
Olivia's Cafe,Disney's Old Key West Resort,Table Service,WDW,TRUE,5,3
Paddlefish,Disney Springs,Table Service,WDW,FALSE,0,0
"Paradiso 37, Taste of the Americas",Disney Springs,Table Service,WDW,FALSE,0,0
Pecos Bill Tall Tale Inn and Cafe,Magic Kingdom Park,Quick Service,WDW,TRUE,2,1.5
Pepe by José Andrés,Disney Springs,Table Service,WDW,FALSE,0,0
Picabu,Walt Disney World Dolphin Hotel,Quick Service,WDW,FALSE,0,0
Pinocchio Village Haus,Magic Kingdom Park,Quick Service,WDW,FALSE,0,0
Pizza Ponte,Disney Springs,Quick Service,WDW,FALSE,0,0
Pizzafari,Disney's Animal Kingdom Theme Park,Quick Service,WDW,FALSE,0,0
PizzeRizzo,Disney's Hollywood Studios,Quick Service,WDW,TRUE,4,5
Planet Hollywood,Disney Springs,Table Service,WDW,TRUE,5,5
Primo Piatto,Disney's Riviera Resort,Quick Service,WDW,FALSE,0,0
Raglan Road™ Irish Pub and Restaurant,Disney Springs,Table Service,WDW,FALSE,0,0
Rainforest Cafe®,Disney Springs or Disney's Animal Kingdom Theme Park,Table Service,WDW,TRUE,5,5
Ravello,Four Season Resort Orlando,Table Service,WDW,FALSE,0,0
Regal Eagle Smokehouse: Craft Drafts & Barbecue,EPCOT,Quick Service,WDW,TRUE,4.5,4
Restaruantosaurus,Disney's Animal Kingdom Theme Park,Quick Service,WDW,TRUE,5,0
Riverside Mill Food Court,Disney's Port Orleans Resort - Riverside,Quick Service,WDW,FALSE,0,0
Rix Sports Bar & Grill,Disney's Coronado Springs Resort,Table Service,WDW,FALSE,0,0
Roaring Fork,Disney's Wilderness Lodge,Quick Service,WDW,FALSE,0,0
Ronto Roasters,Disney's Hollywood Studios,Quick Service,WDW,FALSE,0,0
Rosa Mexicano,Walt Disney World Dolphin Hotel,Table Service,WDW,FALSE,0,0
Rose & Crown Dining Room,EPCOT,Table Service,WDW,TRUE,5,5
Rosie's All-American Café,Disney's Hollywood Studios,Quick Service,WDW,FALSE,0,0
Roundup Rodeo BBQ,Disney's Hollywood Studios,Quick Service,WDW,TRUE,3,3
San Angel Inn Restaurante,EPCOT,Table Service,WDW,FALSE,0,0
Sanaa,Disney's Animal Kingdom Villas - Kidani Village,Table Service,WDW,FALSE,0,0
Satu'li Canteen,Disney's Animal Kingdom Theme Park,Quick Service,WDW,TRUE,4,5
Sci-Fi Dine-Inn Theater Restaruant,Disney's Hollywood Studios,Table Service,WDW,TRUE,2,3
Sebastian's Bistro,Disney's Caribbean Beach Resort,Table Service,WDW,FALSE,0,0
Shiki-Sai: Sushi Izakaya,EPCOT,Table Service,WDW,FALSE,0,0
Shula's Steak House,Walt Disney World Dolphin Hotel,Table Service,WDW,FALSE,0,0
Sleepy Hollow,Magic Kingdom Park,Quick Service,WDW,TRUE,2,3
Space 220,EPCOT,Table Service,WDW,FALSE,0,0
Spice Road Table,EPCOT,Table Service,WDW,FALSE,0,0
Splitsville Dining Room,Disney Springs,Table Service,WDW,FALSE,0,0
Spyglass Grill,Disney's Caribbean Beach Resort,Quick Service,WDW,FALSE,0,0
Steakhouse 71,Disney's Contemporary Resort,Table Service,WDW,FALSE,0,0
STK® Steakhouse,Disney Springs,Table Service,WDW,FALSE,0,0
Story Book Dining at Artist Point with Snow White,Disney's Wilderness Lodge,Character Dining,WDW,FALSE,0,0
Summer House on the Lake,Disney Springs,Table Service,WDW,FALSE,0,0
Sunshine Seasons,EPCOT,Quick Service,WDW,FALSE,0,0
T-Rex ™,Disney Springs,Table Service,WDW,TRUE,4,5
Takumi-Tei,EPCOT,Table Service,WDW,FALSE,0,0
Tangerine,Walt Disney World Swan Reserve,Table Service,WDW,FALSE,0,0
Teppan Edo,EPCOT,Table Service,WDW,TRUE,1,2
Terralina Crafted Italian,Disney Springs,Table Service,WDW,FALSE,0,0
The Artist's Palette,Disney's Saratoga Springs Resort & Spa,Quick Service,WDW,FALSE,0,0
"The BOATHOUSE®: Great Food, Waterfront Dining, Dream Boats™",Disney Springs,Table Service,WDW,TRUE,5,4
The Chuck Wagon,The Campsites at Disney's Fort Wilderness Resort,Quick Service,WDW,FALSE,0,0
The Crystal Palace,Magic Kingdom Park,Table Service,WDW,FALSE,0,0
The Daily Poutine,Disney Springs,Quick Service,WDW,FALSE,0,0
The Diamond Horseshoe,Magic Kingdom Park,Table Service,WDW,FALSE,0,0
The Dining Room at Victoria & Albert's,Disney's Grand Floridian Resort & Spa,Table Service,WDW,FALSE,0,0
The Edison,Disney Springs,Table Service,WDW,TRUE,3,3
The Fountain,Walt Disney World Dolphin Hotel,Table Service,WDW,FALSE,0,0
The Friar's Nook,Magic Kingdom Park,Quick Service,WDW,TRUE,5,3
The Hollywood Brown Derby,Disney's Hollywood Studios,Table Service,WDW,FALSE,0,0
The Lunching Pad,Magic Kingdom Park,Quick Service,WDW,TRUE,1,2
The Mara,Disney's Animal Kingdom Lodge,Quick Service,WDW,FALSE,0,0
The Plaza Restaurant,Magic Kingdom Park,Table Service,WDW,FALSE,0,0
The Polite Pig,Disney Springs,Quick Service,WDW,TRUE,3.5,4
The Turf Club Bar and Grill,Disney's Saratoga Springs Resort & Spa,Table Service,WDW,FALSE,0,0
Three Bridges Bar and Grill at Villa del Lago,Disney's Coronado Springs Resort,Table Service,WDW,FALSE,0,0
Tiffins Restaurant,Disney's Animal Kingdom Theme Park,Table Service,WDW,FALSE,0,0
Todd English's bluezoo,Walt Disney World Dolphin Hotel,Table Service,WDW,FALSE,0,0
"Toledo - Tapas, Steak & Seafood",Disney's Coronado Springs Resort,Table Service,WDW,FALSE,0,0
Tony's Town Square Restaurant,Magic Kingdom Park,Table Service,WDW,FALSE,0,0
Topolino's Terrace - Flavors of the Riviera,Disney's Riviera Resort,Table Service,WDW,FALSE,0,0
Tortuga Tavern,Magic Kingdom Park,Quick Service,WDW,TRUE,2.5,3
Trail's End Restaurant,The Campsites at Disney's Fort Wilderness Resort,Quick Service,WDW,FALSE,0,0
Trattoria al Forno,Disney's BoardWalk,Table Service,WDW,FALSE,0,0
Tusker House Restaurant,Disney's Animal Kingdom Theme Park,Table Service,WDW,FALSE,0,0
Tutto Italia Ristorante,EPCOT,Table Service,WDW,FALSE,0,0
Typhoon Tilly's,Disney's Typhoon Lagoon Water Park,Quick Service,WDW,FALSE,0,0
Via Napoli Ristorante e Pizzeria,EPCOT,Table Service,WDW,TRUE,4.5,5
Whispering Canyon cafe,Disney's Wilderness Lodge,Table Service,WDW,FALSE,0,0
Wine Bar George - A Resturant & Bar,Disney Springs,Table Service,WDW,FALSE,0,0
Wolfgang Puck Bar & Grill,Disney Springs,Table Service,WDW,FALSE,0,0
Woody's Lunch Box,Disney's Hollywood Studios,Quick Service,WDW,FALSE,0,0
World Premiere Food Court,Disney's All-Star Movies Resort,Quick Service,WDW,FALSE,0,0
Yachtsman Steakhouse,Disney's Yacht Club Resort,Table Service,WDW,FALSE,0,0
Yak & Yeti™ Restaurant,Disney's Animal Kingdom Theme Park,Table Service,WDW,TRUE,5,5
YeSake Kiosk,Disney Springs,Quick Service,WDW,FALSE,0,0
Yorkshire County Fish Shop,EPCOT,Quick Service,WDW,TRUE,5,2
